USE `essentialmode`;

INSERT INTO `addon_account` (name, label, shared) VALUES
	('caution', 'Caution', 0)
;

INSERT INTO `jobs` (name, label) VALUES
	('gouv', 'Gouvernement'),
	('slaughterer', 'Abatteur'),
	('fisherman', 'Pêcheur'),
	('miner', 'Mineur'),
	('lumberjack', 'Bûcheron'),
	('fueler', 'Raffineur'),
	('reporter', 'Journaliste'),
	('tailor', 'Couturier'),
	('slaughtererp', 'Abatteur'),
	('fishermanp', 'Pêcheur'),
	('minerp', 'Mineur'),
	('lumberjackp', 'Bûcheron'),
	('fuelerp', 'Raffineur'),
	('reporterp', 'Journaliste'),
	('tailorp', 'Couturier'),
;
INSERT INTO `job_grades` (job_name, grade, name, label, salary, skin_male, skin_female) VALUES
	('lumberjack', 0, 'employee', 'Intérimaire', 0, '{}', '{}'),
	('fisherman', 0, 'employee', 'Intérimaire', 0, '{}', '{}'),
	('fueler', 0, 'employee', 'Intérimaire', 0, '{}', '{}'),
	('reporter', 0, 'employee', 'Intérimaire', 0, '{}', '{}'),
	('tailor',0,'employee','Intérimaire',0,'{\"mask_1\":0,\"arms\":1,\"glasses_1\":0,\"hair_color_2\":4,\"makeup_1\":0,\"face\":19,\"glasses\":0,\"mask_2\":0,\"makeup_3\":0,\"skin\":29,\"helmet_2\":0,\"lipstick_4\":0,\"sex\":0,\"torso_1\":24,\"makeup_2\":0,\"bags_2\":0,\"chain_2\":0,\"ears_1\":-1,\"bags_1\":0,\"bproof_1\":0,\"shoes_2\":0,\"lipstick_2\":0,\"chain_1\":0,\"tshirt_1\":0,\"eyebrows_3\":0,\"pants_2\":0,\"beard_4\":0,\"torso_2\":0,\"beard_2\":6,\"ears_2\":0,\"hair_2\":0,\"shoes_1\":36,\"tshirt_2\":0,\"beard_3\":0,\"hair_1\":2,\"hair_color_1\":0,\"pants_1\":48,\"helmet_1\":-1,\"bproof_2\":0,\"eyebrows_4\":0,\"eyebrows_2\":0,\"decals_1\":0,\"age_2\":0,\"beard_1\":5,\"shoes\":10,\"lipstick_1\":0,\"eyebrows_1\":0,\"glasses_2\":0,\"makeup_4\":0,\"decals_2\":0,\"lipstick_3\":0,\"age_1\":0}','{\"mask_1\":0,\"arms\":5,\"glasses_1\":5,\"hair_color_2\":4,\"makeup_1\":0,\"face\":19,\"glasses\":0,\"mask_2\":0,\"makeup_3\":0,\"skin\":29,\"helmet_2\":0,\"lipstick_4\":0,\"sex\":1,\"torso_1\":52,\"makeup_2\":0,\"bags_2\":0,\"chain_2\":0,\"ears_1\":-1,\"bags_1\":0,\"bproof_1\":0,\"shoes_2\":1,\"lipstick_2\":0,\"chain_1\":0,\"tshirt_1\":23,\"eyebrows_3\":0,\"pants_2\":0,\"beard_4\":0,\"torso_2\":0,\"beard_2\":6,\"ears_2\":0,\"hair_2\":0,\"shoes_1\":42,\"tshirt_2\":4,\"beard_3\":0,\"hair_1\":2,\"hair_color_1\":0,\"pants_1\":36,\"helmet_1\":-1,\"bproof_2\":0,\"eyebrows_4\":0,\"eyebrows_2\":0,\"decals_1\":0,\"age_2\":0,\"beard_1\":5,\"shoes\":10,\"lipstick_1\":0,\"eyebrows_1\":0,\"glasses_2\":0,\"makeup_4\":0,\"decals_2\":0,\"lipstick_3\":0,\"age_1\":0}'),
	('miner', 0, 'employee', 'Intérimaire', 0, '{"tshirt_2":1,"ears_1":8,"glasses_1":15,"torso_2":0,"ears_2":2,"glasses_2":3,"shoes_2":1,"pants_1":75,"shoes_1":51,"bags_1":0,"helmet_2":0,"pants_2":7,"torso_1":71,"tshirt_1":59,"arms":2,"bags_2":0,"helmet_1":0}', '{}'),
	('slaughterer',0,'employee','Intérimaire',0,'{\"age_1\":0,\"glasses_2\":0,\"beard_1\":5,\"decals_2\":0,\"beard_4\":0,\"shoes_2\":0,\"tshirt_2\":0,\"lipstick_2\":0,\"hair_2\":0,\"arms\":67,\"pants_1\":36,\"skin\":29,\"eyebrows_2\":0,\"shoes\":10,\"helmet_1\":-1,\"lipstick_1\":0,\"helmet_2\":0,\"hair_color_1\":0,\"glasses\":0,\"makeup_4\":0,\"makeup_1\":0,\"hair_1\":2,\"bproof_1\":0,\"bags_1\":0,\"mask_1\":0,\"lipstick_3\":0,\"chain_1\":0,\"eyebrows_4\":0,\"sex\":0,\"torso_1\":56,\"beard_2\":6,\"shoes_1\":12,\"decals_1\":0,\"face\":19,\"lipstick_4\":0,\"tshirt_1\":15,\"mask_2\":0,\"age_2\":0,\"eyebrows_3\":0,\"chain_2\":0,\"glasses_1\":0,\"ears_1\":-1,\"bags_2\":0,\"ears_2\":0,\"torso_2\":0,\"bproof_2\":0,\"makeup_2\":0,\"eyebrows_1\":0,\"makeup_3\":0,\"pants_2\":0,\"beard_3\":0,\"hair_color_2\":4}','{\"age_1\":0,\"glasses_2\":0,\"beard_1\":5,\"decals_2\":0,\"beard_4\":0,\"shoes_2\":0,\"tshirt_2\":0,\"lipstick_2\":0,\"hair_2\":0,\"arms\":72,\"pants_1\":45,\"skin\":29,\"eyebrows_2\":0,\"shoes\":10,\"helmet_1\":-1,\"lipstick_1\":0,\"helmet_2\":0,\"hair_color_1\":0,\"glasses\":0,\"makeup_4\":0,\"makeup_1\":0,\"hair_1\":2,\"bproof_1\":0,\"bags_1\":0,\"mask_1\":0,\"lipstick_3\":0,\"chain_1\":0,\"eyebrows_4\":0,\"sex\":1,\"torso_1\":49,\"beard_2\":6,\"shoes_1\":24,\"decals_1\":0,\"face\":19,\"lipstick_4\":0,\"tshirt_1\":9,\"mask_2\":0,\"age_2\":0,\"eyebrows_3\":0,\"chain_2\":0,\"glasses_1\":5,\"ears_1\":-1,\"bags_2\":0,\"ears_2\":0,\"torso_2\":0,\"bproof_2\":0,\"makeup_2\":0,\"eyebrows_1\":0,\"makeup_3\":0,\"pants_2\":0,\"beard_3\":0,\"hair_color_2\":4}'),
	('vigne',0,'employee','Intérimaire',0,'{"tshirt_1":59,"tshirt_2":0,"torso_1":12,"torso_2":5,"shoes_1":7,"shoes_2":2,"pants_1":9, "pants_2":7, "arms":1, "helmet_1":11, "helmet_2":0,"bags_1":0,"bags_2":0,"ears_1":0,"glasses_1":0,"ears_2":0,"glasses_2":0}','{"tshirt_1":0,"tshirt_2":0,"torso_1":56,"torso_2":0,"shoes_1":27,"shoes_2":0,"pants_1":36, "pants_2":0, "arms":63, "helmet_1":11, "helmet_2":0,"bags_1":0,"bags_2":0,"ears_1":0,"glasses_1":0,"ears_2":0,"glasses_2":0}'),


	('lumberjackp', 0, 'employee', 'Ouvrier', 0, '{}', '{}'),
	('fishermanp', 0, 'employee', 'Agent d aide', 0, '{}', '{}'),
	('fuelerp', 0, 'employee', 'Ouvrier', 0, '{}', '{}'),
	('reporterp', 0, 'employee', 'Débutant reporter', 0, '{}', '{}'),
	('tailorp',0,'employee','Ouvrier',0,'{\"mask_1\":0,\"arms\":1,\"glasses_1\":0,\"hair_color_2\":4,\"makeup_1\":0,\"face\":19,\"glasses\":0,\"mask_2\":0,\"makeup_3\":0,\"skin\":29,\"helmet_2\":0,\"lipstick_4\":0,\"sex\":0,\"torso_1\":24,\"makeup_2\":0,\"bags_2\":0,\"chain_2\":0,\"ears_1\":-1,\"bags_1\":0,\"bproof_1\":0,\"shoes_2\":0,\"lipstick_2\":0,\"chain_1\":0,\"tshirt_1\":0,\"eyebrows_3\":0,\"pants_2\":0,\"beard_4\":0,\"torso_2\":0,\"beard_2\":6,\"ears_2\":0,\"hair_2\":0,\"shoes_1\":36,\"tshirt_2\":0,\"beard_3\":0,\"hair_1\":2,\"hair_color_1\":0,\"pants_1\":48,\"helmet_1\":-1,\"bproof_2\":0,\"eyebrows_4\":0,\"eyebrows_2\":0,\"decals_1\":0,\"age_2\":0,\"beard_1\":5,\"shoes\":10,\"lipstick_1\":0,\"eyebrows_1\":0,\"glasses_2\":0,\"makeup_4\":0,\"decals_2\":0,\"lipstick_3\":0,\"age_1\":0}','{\"mask_1\":0,\"arms\":5,\"glasses_1\":5,\"hair_color_2\":4,\"makeup_1\":0,\"face\":19,\"glasses\":0,\"mask_2\":0,\"makeup_3\":0,\"skin\":29,\"helmet_2\":0,\"lipstick_4\":0,\"sex\":1,\"torso_1\":52,\"makeup_2\":0,\"bags_2\":0,\"chain_2\":0,\"ears_1\":-1,\"bags_1\":0,\"bproof_1\":0,\"shoes_2\":1,\"lipstick_2\":0,\"chain_1\":0,\"tshirt_1\":23,\"eyebrows_3\":0,\"pants_2\":0,\"beard_4\":0,\"torso_2\":0,\"beard_2\":6,\"ears_2\":0,\"hair_2\":0,\"shoes_1\":42,\"tshirt_2\":4,\"beard_3\":0,\"hair_1\":2,\"hair_color_1\":0,\"pants_1\":36,\"helmet_1\":-1,\"bproof_2\":0,\"eyebrows_4\":0,\"eyebrows_2\":0,\"decals_1\":0,\"age_2\":0,\"beard_1\":5,\"shoes\":10,\"lipstick_1\":0,\"eyebrows_1\":0,\"glasses_2\":0,\"makeup_4\":0,\"decals_2\":0,\"lipstick_3\":0,\"age_1\":0}'),
	('minerp', 0, 'employee', 'Ouvrier', 0, '{"tshirt_2":1,"ears_1":8,"glasses_1":15,"torso_2":0,"ears_2":2,"glasses_2":3,"shoes_2":1,"pants_1":75,"shoes_1":51,"bags_1":0,"helmet_2":0,"pants_2":7,"torso_1":71,"tshirt_1":59,"arms":2,"bags_2":0,"helmet_1":0}', '{}'),
	('slaughtererp',0,'employee','Ouvrier',0,'{\"age_1\":0,\"glasses_2\":0,\"beard_1\":5,\"decals_2\":0,\"beard_4\":0,\"shoes_2\":0,\"tshirt_2\":0,\"lipstick_2\":0,\"hair_2\":0,\"arms\":67,\"pants_1\":36,\"skin\":29,\"eyebrows_2\":0,\"shoes\":10,\"helmet_1\":-1,\"lipstick_1\":0,\"helmet_2\":0,\"hair_color_1\":0,\"glasses\":0,\"makeup_4\":0,\"makeup_1\":0,\"hair_1\":2,\"bproof_1\":0,\"bags_1\":0,\"mask_1\":0,\"lipstick_3\":0,\"chain_1\":0,\"eyebrows_4\":0,\"sex\":0,\"torso_1\":56,\"beard_2\":6,\"shoes_1\":12,\"decals_1\":0,\"face\":19,\"lipstick_4\":0,\"tshirt_1\":15,\"mask_2\":0,\"age_2\":0,\"eyebrows_3\":0,\"chain_2\":0,\"glasses_1\":0,\"ears_1\":-1,\"bags_2\":0,\"ears_2\":0,\"torso_2\":0,\"bproof_2\":0,\"makeup_2\":0,\"eyebrows_1\":0,\"makeup_3\":0,\"pants_2\":0,\"beard_3\":0,\"hair_color_2\":4}','{\"age_1\":0,\"glasses_2\":0,\"beard_1\":5,\"decals_2\":0,\"beard_4\":0,\"shoes_2\":0,\"tshirt_2\":0,\"lipstick_2\":0,\"hair_2\":0,\"arms\":72,\"pants_1\":45,\"skin\":29,\"eyebrows_2\":0,\"shoes\":10,\"helmet_1\":-1,\"lipstick_1\":0,\"helmet_2\":0,\"hair_color_1\":0,\"glasses\":0,\"makeup_4\":0,\"makeup_1\":0,\"hair_1\":2,\"bproof_1\":0,\"bags_1\":0,\"mask_1\":0,\"lipstick_3\":0,\"chain_1\":0,\"eyebrows_4\":0,\"sex\":1,\"torso_1\":49,\"beard_2\":6,\"shoes_1\":24,\"decals_1\":0,\"face\":19,\"lipstick_4\":0,\"tshirt_1\":9,\"mask_2\":0,\"age_2\":0,\"eyebrows_3\":0,\"chain_2\":0,\"glasses_1\":5,\"ears_1\":-1,\"bags_2\":0,\"ears_2\":0,\"torso_2\":0,\"bproof_2\":0,\"makeup_2\":0,\"eyebrows_1\":0,\"makeup_3\":0,\"pants_2\":0,\"beard_3\":0,\"hair_color_2\":4}'),
	('vignep',0,'employee','Ouvrier',0,'{"tshirt_1":59,"tshirt_2":0,"torso_1":12,"torso_2":5,"shoes_1":7,"shoes_2":2,"pants_1":9, "pants_2":7, "arms":1, "helmet_1":11, "helmet_2":0,"bags_1":0,"bags_2":0,"ears_1":0,"glasses_1":0,"ears_2":0,"glasses_2":0}','{"tshirt_1":0,"tshirt_2":0,"torso_1":56,"torso_2":0,"shoes_1":27,"shoes_2":0,"pants_1":36, "pants_2":0, "arms":63, "helmet_1":11, "helmet_2":0,"bags_1":0,"bags_2":0,"ears_1":0,"glasses_1":0,"ears_2":0,"glasses_2":0}'),


	('lumberjackp', 1, 'employee2', 'Technicien', 0, '{}', '{}'),
	('fishermanp', 1, 'employee2', 'Marin', 0, '{}', '{}'),
	('fuelerp', 1, 'employee2', 'Technicien', 0, '{}', '{}'),
	('reporterp', 1, 'employee2', 'Reporter confirmé', 0, '{}', '{}'),
	('tailorp',1,'employee2','Technicien',0,'{\"mask_1\":0,\"arms\":1,\"glasses_1\":0,\"hair_color_2\":4,\"makeup_1\":0,\"face\":19,\"glasses\":0,\"mask_2\":0,\"makeup_3\":0,\"skin\":29,\"helmet_2\":0,\"lipstick_4\":0,\"sex\":0,\"torso_1\":24,\"makeup_2\":0,\"bags_2\":0,\"chain_2\":0,\"ears_1\":-1,\"bags_1\":0,\"bproof_1\":0,\"shoes_2\":0,\"lipstick_2\":0,\"chain_1\":0,\"tshirt_1\":0,\"eyebrows_3\":0,\"pants_2\":0,\"beard_4\":0,\"torso_2\":0,\"beard_2\":6,\"ears_2\":0,\"hair_2\":0,\"shoes_1\":36,\"tshirt_2\":0,\"beard_3\":0,\"hair_1\":2,\"hair_color_1\":0,\"pants_1\":48,\"helmet_1\":-1,\"bproof_2\":0,\"eyebrows_4\":0,\"eyebrows_2\":0,\"decals_1\":0,\"age_2\":0,\"beard_1\":5,\"shoes\":10,\"lipstick_1\":0,\"eyebrows_1\":0,\"glasses_2\":0,\"makeup_4\":0,\"decals_2\":0,\"lipstick_3\":0,\"age_1\":0}','{\"mask_1\":0,\"arms\":5,\"glasses_1\":5,\"hair_color_2\":4,\"makeup_1\":0,\"face\":19,\"glasses\":0,\"mask_2\":0,\"makeup_3\":0,\"skin\":29,\"helmet_2\":0,\"lipstick_4\":0,\"sex\":1,\"torso_1\":52,\"makeup_2\":0,\"bags_2\":0,\"chain_2\":0,\"ears_1\":-1,\"bags_1\":0,\"bproof_1\":0,\"shoes_2\":1,\"lipstick_2\":0,\"chain_1\":0,\"tshirt_1\":23,\"eyebrows_3\":0,\"pants_2\":0,\"beard_4\":0,\"torso_2\":0,\"beard_2\":6,\"ears_2\":0,\"hair_2\":0,\"shoes_1\":42,\"tshirt_2\":4,\"beard_3\":0,\"hair_1\":2,\"hair_color_1\":0,\"pants_1\":36,\"helmet_1\":-1,\"bproof_2\":0,\"eyebrows_4\":0,\"eyebrows_2\":0,\"decals_1\":0,\"age_2\":0,\"beard_1\":5,\"shoes\":10,\"lipstick_1\":0,\"eyebrows_1\":0,\"glasses_2\":0,\"makeup_4\":0,\"decals_2\":0,\"lipstick_3\":0,\"age_1\":0}'),
	('minerp', 1, 'employee2', 'Technicien', 0, '{"tshirt_2":1,"ears_1":8,"glasses_1":15,"torso_2":0,"ears_2":2,"glasses_2":3,"shoes_2":1,"pants_1":75,"shoes_1":51,"bags_1":0,"helmet_2":0,"pants_2":7,"torso_1":71,"tshirt_1":59,"arms":2,"bags_2":0,"helmet_1":0}', '{}'),
	('slaughtererp',1,'employee2','Technicien',0,'{\"age_1\":0,\"glasses_2\":0,\"beard_1\":5,\"decals_2\":0,\"beard_4\":0,\"shoes_2\":0,\"tshirt_2\":0,\"lipstick_2\":0,\"hair_2\":0,\"arms\":67,\"pants_1\":36,\"skin\":29,\"eyebrows_2\":0,\"shoes\":10,\"helmet_1\":-1,\"lipstick_1\":0,\"helmet_2\":0,\"hair_color_1\":0,\"glasses\":0,\"makeup_4\":0,\"makeup_1\":0,\"hair_1\":2,\"bproof_1\":0,\"bags_1\":0,\"mask_1\":0,\"lipstick_3\":0,\"chain_1\":0,\"eyebrows_4\":0,\"sex\":0,\"torso_1\":56,\"beard_2\":6,\"shoes_1\":12,\"decals_1\":0,\"face\":19,\"lipstick_4\":0,\"tshirt_1\":15,\"mask_2\":0,\"age_2\":0,\"eyebrows_3\":0,\"chain_2\":0,\"glasses_1\":0,\"ears_1\":-1,\"bags_2\":0,\"ears_2\":0,\"torso_2\":0,\"bproof_2\":0,\"makeup_2\":0,\"eyebrows_1\":0,\"makeup_3\":0,\"pants_2\":0,\"beard_3\":0,\"hair_color_2\":4}','{\"age_1\":0,\"glasses_2\":0,\"beard_1\":5,\"decals_2\":0,\"beard_4\":0,\"shoes_2\":0,\"tshirt_2\":0,\"lipstick_2\":0,\"hair_2\":0,\"arms\":72,\"pants_1\":45,\"skin\":29,\"eyebrows_2\":0,\"shoes\":10,\"helmet_1\":-1,\"lipstick_1\":0,\"helmet_2\":0,\"hair_color_1\":0,\"glasses\":0,\"makeup_4\":0,\"makeup_1\":0,\"hair_1\":2,\"bproof_1\":0,\"bags_1\":0,\"mask_1\":0,\"lipstick_3\":0,\"chain_1\":0,\"eyebrows_4\":0,\"sex\":1,\"torso_1\":49,\"beard_2\":6,\"shoes_1\":24,\"decals_1\":0,\"face\":19,\"lipstick_4\":0,\"tshirt_1\":9,\"mask_2\":0,\"age_2\":0,\"eyebrows_3\":0,\"chain_2\":0,\"glasses_1\":5,\"ears_1\":-1,\"bags_2\":0,\"ears_2\":0,\"torso_2\":0,\"bproof_2\":0,\"makeup_2\":0,\"eyebrows_1\":0,\"makeup_3\":0,\"pants_2\":0,\"beard_3\":0,\"hair_color_2\":4}'),
	('vignep',1,'employee2','Technicien',0,'{"tshirt_1":59,"tshirt_2":0,"torso_1":12,"torso_2":5,"shoes_1":7,"shoes_2":2,"pants_1":9, "pants_2":7, "arms":1, "helmet_1":11, "helmet_2":0,"bags_1":0,"bags_2":0,"ears_1":0,"glasses_1":0,"ears_2":0,"glasses_2":0}','{"tshirt_1":0,"tshirt_2":0,"torso_1":56,"torso_2":0,"shoes_1":27,"shoes_2":0,"pants_1":36, "pants_2":0, "arms":63, "helmet_1":11, "helmet_2":0,"bags_1":0,"bags_2":0,"ears_1":0,"glasses_1":0,"ears_2":0,"glasses_2":0}'),


	('lumberjackp', 2, 'coboss', 'Cadre', 0, '{}', '{}'),
	('fishermanp', 2, 'coboss', 'Marin Senior', 0, '{}', '{}'),
	('fuelerp', 2, 'coboss', 'Cadre', 0, '{}', '{}'),
	('reporterp', 2, 'coboss', 'Cadre', 0, '{}', '{}'),
	('tailorp',2,'coboss','Cadre',0,'{\"mask_1\":0,\"arms\":1,\"glasses_1\":0,\"hair_color_2\":4,\"makeup_1\":0,\"face\":19,\"glasses\":0,\"mask_2\":0,\"makeup_3\":0,\"skin\":29,\"helmet_2\":0,\"lipstick_4\":0,\"sex\":0,\"torso_1\":24,\"makeup_2\":0,\"bags_2\":0,\"chain_2\":0,\"ears_1\":-1,\"bags_1\":0,\"bproof_1\":0,\"shoes_2\":0,\"lipstick_2\":0,\"chain_1\":0,\"tshirt_1\":0,\"eyebrows_3\":0,\"pants_2\":0,\"beard_4\":0,\"torso_2\":0,\"beard_2\":6,\"ears_2\":0,\"hair_2\":0,\"shoes_1\":36,\"tshirt_2\":0,\"beard_3\":0,\"hair_1\":2,\"hair_color_1\":0,\"pants_1\":48,\"helmet_1\":-1,\"bproof_2\":0,\"eyebrows_4\":0,\"eyebrows_2\":0,\"decals_1\":0,\"age_2\":0,\"beard_1\":5,\"shoes\":10,\"lipstick_1\":0,\"eyebrows_1\":0,\"glasses_2\":0,\"makeup_4\":0,\"decals_2\":0,\"lipstick_3\":0,\"age_1\":0}','{\"mask_1\":0,\"arms\":5,\"glasses_1\":5,\"hair_color_2\":4,\"makeup_1\":0,\"face\":19,\"glasses\":0,\"mask_2\":0,\"makeup_3\":0,\"skin\":29,\"helmet_2\":0,\"lipstick_4\":0,\"sex\":1,\"torso_1\":52,\"makeup_2\":0,\"bags_2\":0,\"chain_2\":0,\"ears_1\":-1,\"bags_1\":0,\"bproof_1\":0,\"shoes_2\":1,\"lipstick_2\":0,\"chain_1\":0,\"tshirt_1\":23,\"eyebrows_3\":0,\"pants_2\":0,\"beard_4\":0,\"torso_2\":0,\"beard_2\":6,\"ears_2\":0,\"hair_2\":0,\"shoes_1\":42,\"tshirt_2\":4,\"beard_3\":0,\"hair_1\":2,\"hair_color_1\":0,\"pants_1\":36,\"helmet_1\":-1,\"bproof_2\":0,\"eyebrows_4\":0,\"eyebrows_2\":0,\"decals_1\":0,\"age_2\":0,\"beard_1\":5,\"shoes\":10,\"lipstick_1\":0,\"eyebrows_1\":0,\"glasses_2\":0,\"makeup_4\":0,\"decals_2\":0,\"lipstick_3\":0,\"age_1\":0}'),
	('minerp', 2, 'coboss', 'Cadre', 0, '{"tshirt_2":1,"ears_1":8,"glasses_1":15,"torso_2":0,"ears_2":2,"glasses_2":3,"shoes_2":1,"pants_1":75,"shoes_1":51,"bags_1":0,"helmet_2":0,"pants_2":7,"torso_1":71,"tshirt_1":59,"arms":2,"bags_2":0,"helmet_1":0}', '{}'),
	('slaughtererp',2,'coboss','Cadre',0,'{\"age_1\":0,\"glasses_2\":0,\"beard_1\":5,\"decals_2\":0,\"beard_4\":0,\"shoes_2\":0,\"tshirt_2\":0,\"lipstick_2\":0,\"hair_2\":0,\"arms\":67,\"pants_1\":36,\"skin\":29,\"eyebrows_2\":0,\"shoes\":10,\"helmet_1\":-1,\"lipstick_1\":0,\"helmet_2\":0,\"hair_color_1\":0,\"glasses\":0,\"makeup_4\":0,\"makeup_1\":0,\"hair_1\":2,\"bproof_1\":0,\"bags_1\":0,\"mask_1\":0,\"lipstick_3\":0,\"chain_1\":0,\"eyebrows_4\":0,\"sex\":0,\"torso_1\":56,\"beard_2\":6,\"shoes_1\":12,\"decals_1\":0,\"face\":19,\"lipstick_4\":0,\"tshirt_1\":15,\"mask_2\":0,\"age_2\":0,\"eyebrows_3\":0,\"chain_2\":0,\"glasses_1\":0,\"ears_1\":-1,\"bags_2\":0,\"ears_2\":0,\"torso_2\":0,\"bproof_2\":0,\"makeup_2\":0,\"eyebrows_1\":0,\"makeup_3\":0,\"pants_2\":0,\"beard_3\":0,\"hair_color_2\":4}','{\"age_1\":0,\"glasses_2\":0,\"beard_1\":5,\"decals_2\":0,\"beard_4\":0,\"shoes_2\":0,\"tshirt_2\":0,\"lipstick_2\":0,\"hair_2\":0,\"arms\":72,\"pants_1\":45,\"skin\":29,\"eyebrows_2\":0,\"shoes\":10,\"helmet_1\":-1,\"lipstick_1\":0,\"helmet_2\":0,\"hair_color_1\":0,\"glasses\":0,\"makeup_4\":0,\"makeup_1\":0,\"hair_1\":2,\"bproof_1\":0,\"bags_1\":0,\"mask_1\":0,\"lipstick_3\":0,\"chain_1\":0,\"eyebrows_4\":0,\"sex\":1,\"torso_1\":49,\"beard_2\":6,\"shoes_1\":24,\"decals_1\":0,\"face\":19,\"lipstick_4\":0,\"tshirt_1\":9,\"mask_2\":0,\"age_2\":0,\"eyebrows_3\":0,\"chain_2\":0,\"glasses_1\":5,\"ears_1\":-1,\"bags_2\":0,\"ears_2\":0,\"torso_2\":0,\"bproof_2\":0,\"makeup_2\":0,\"eyebrows_1\":0,\"makeup_3\":0,\"pants_2\":0,\"beard_3\":0,\"hair_color_2\":4}'),
	('vignep',2,'coboss','Cadre',0,'{"tshirt_1":59,"tshirt_2":0,"torso_1":12,"torso_2":5,"shoes_1":7,"shoes_2":2,"pants_1":9, "pants_2":7, "arms":1, "helmet_1":11, "helmet_2":0,"bags_1":0,"bags_2":0,"ears_1":0,"glasses_1":0,"ears_2":0,"glasses_2":0}','{"tshirt_1":0,"tshirt_2":0,"torso_1":56,"torso_2":0,"shoes_1":27,"shoes_2":0,"pants_1":36, "pants_2":0, "arms":63, "helmet_1":11, "helmet_2":0,"bags_1":0,"bags_2":0,"ears_1":0,"glasses_1":0,"ears_2":0,"glasses_2":0}'),
	

	('lumberjackp', 3, 'boss', 'Patron', 0, '{}', '{}'),
	('fishermanp', 3, 'boss', 'Patron', 0, '{}', '{}'),
	('fuelerp', 3, 'boss', 'Patron', 0, '{}', '{}'),
	('reporterp', 3, 'boss', 'Gerant', 0, '{}', '{}'),
	('tailorp',3,'boss','Patron',0,'{\"mask_1\":0,\"arms\":1,\"glasses_1\":0,\"hair_color_2\":4,\"makeup_1\":0,\"face\":19,\"glasses\":0,\"mask_2\":0,\"makeup_3\":0,\"skin\":29,\"helmet_2\":0,\"lipstick_4\":0,\"sex\":0,\"torso_1\":24,\"makeup_2\":0,\"bags_2\":0,\"chain_2\":0,\"ears_1\":-1,\"bags_1\":0,\"bproof_1\":0,\"shoes_2\":0,\"lipstick_2\":0,\"chain_1\":0,\"tshirt_1\":0,\"eyebrows_3\":0,\"pants_2\":0,\"beard_4\":0,\"torso_2\":0,\"beard_2\":6,\"ears_2\":0,\"hair_2\":0,\"shoes_1\":36,\"tshirt_2\":0,\"beard_3\":0,\"hair_1\":2,\"hair_color_1\":0,\"pants_1\":48,\"helmet_1\":-1,\"bproof_2\":0,\"eyebrows_4\":0,\"eyebrows_2\":0,\"decals_1\":0,\"age_2\":0,\"beard_1\":5,\"shoes\":10,\"lipstick_1\":0,\"eyebrows_1\":0,\"glasses_2\":0,\"makeup_4\":0,\"decals_2\":0,\"lipstick_3\":0,\"age_1\":0}','{\"mask_1\":0,\"arms\":5,\"glasses_1\":5,\"hair_color_2\":4,\"makeup_1\":0,\"face\":19,\"glasses\":0,\"mask_2\":0,\"makeup_3\":0,\"skin\":29,\"helmet_2\":0,\"lipstick_4\":0,\"sex\":1,\"torso_1\":52,\"makeup_2\":0,\"bags_2\":0,\"chain_2\":0,\"ears_1\":-1,\"bags_1\":0,\"bproof_1\":0,\"shoes_2\":1,\"lipstick_2\":0,\"chain_1\":0,\"tshirt_1\":23,\"eyebrows_3\":0,\"pants_2\":0,\"beard_4\":0,\"torso_2\":0,\"beard_2\":6,\"ears_2\":0,\"hair_2\":0,\"shoes_1\":42,\"tshirt_2\":4,\"beard_3\":0,\"hair_1\":2,\"hair_color_1\":0,\"pants_1\":36,\"helmet_1\":-1,\"bproof_2\":0,\"eyebrows_4\":0,\"eyebrows_2\":0,\"decals_1\":0,\"age_2\":0,\"beard_1\":5,\"shoes\":10,\"lipstick_1\":0,\"eyebrows_1\":0,\"glasses_2\":0,\"makeup_4\":0,\"decals_2\":0,\"lipstick_3\":0,\"age_1\":0}'),
	('minerp', 3, 'boss', 'Patron', 0, '{"tshirt_2":1,"ears_1":8,"glasses_1":15,"torso_2":0,"ears_2":2,"glasses_2":3,"shoes_2":1,"pants_1":75,"shoes_1":51,"bags_1":0,"helmet_2":0,"pants_2":7,"torso_1":71,"tshirt_1":59,"arms":2,"bags_2":0,"helmet_1":0}', '{}'),
	('slaughtererp',3,'boss','Patron',0,'{\"age_1\":0,\"glasses_2\":0,\"beard_1\":5,\"decals_2\":0,\"beard_4\":0,\"shoes_2\":0,\"tshirt_2\":0,\"lipstick_2\":0,\"hair_2\":0,\"arms\":67,\"pants_1\":36,\"skin\":29,\"eyebrows_2\":0,\"shoes\":10,\"helmet_1\":-1,\"lipstick_1\":0,\"helmet_2\":0,\"hair_color_1\":0,\"glasses\":0,\"makeup_4\":0,\"makeup_1\":0,\"hair_1\":2,\"bproof_1\":0,\"bags_1\":0,\"mask_1\":0,\"lipstick_3\":0,\"chain_1\":0,\"eyebrows_4\":0,\"sex\":0,\"torso_1\":56,\"beard_2\":6,\"shoes_1\":12,\"decals_1\":0,\"face\":19,\"lipstick_4\":0,\"tshirt_1\":15,\"mask_2\":0,\"age_2\":0,\"eyebrows_3\":0,\"chain_2\":0,\"glasses_1\":0,\"ears_1\":-1,\"bags_2\":0,\"ears_2\":0,\"torso_2\":0,\"bproof_2\":0,\"makeup_2\":0,\"eyebrows_1\":0,\"makeup_3\":0,\"pants_2\":0,\"beard_3\":0,\"hair_color_2\":4}','{\"age_1\":0,\"glasses_2\":0,\"beard_1\":5,\"decals_2\":0,\"beard_4\":0,\"shoes_2\":0,\"tshirt_2\":0,\"lipstick_2\":0,\"hair_2\":0,\"arms\":72,\"pants_1\":45,\"skin\":29,\"eyebrows_2\":0,\"shoes\":10,\"helmet_1\":-1,\"lipstick_1\":0,\"helmet_2\":0,\"hair_color_1\":0,\"glasses\":0,\"makeup_4\":0,\"makeup_1\":0,\"hair_1\":2,\"bproof_1\":0,\"bags_1\":0,\"mask_1\":0,\"lipstick_3\":0,\"chain_1\":0,\"eyebrows_4\":0,\"sex\":1,\"torso_1\":49,\"beard_2\":6,\"shoes_1\":24,\"decals_1\":0,\"face\":19,\"lipstick_4\":0,\"tshirt_1\":9,\"mask_2\":0,\"age_2\":0,\"eyebrows_3\":0,\"chain_2\":0,\"glasses_1\":5,\"ears_1\":-1,\"bags_2\":0,\"ears_2\":0,\"torso_2\":0,\"bproof_2\":0,\"makeup_2\":0,\"eyebrows_1\":0,\"makeup_3\":0,\"pants_2\":0,\"beard_3\":0,\"hair_color_2\":4}'),
	('vignep',3,'boss','Patron',0,'{"tshirt_1":59,"tshirt_2":0,"torso_1":12,"torso_2":5,"shoes_1":7,"shoes_2":2,"pants_1":9, "pants_2":7, "arms":1, "helmet_1":11, "helmet_2":0,"bags_1":0,"bags_2":0,"ears_1":0,"glasses_1":0,"ears_2":0,"glasses_2":0}','{"tshirt_1":0,"tshirt_2":0,"torso_1":56,"torso_2":0,"shoes_1":27,"shoes_2":0,"pants_1":36, "pants_2":0, "arms":63, "helmet_1":11, "helmet_2":0,"bags_1":0,"bags_2":0,"ears_1":0,"glasses_1":0,"ears_2":0,"glasses_2":0}'),
	
;

INSERT INTO `items` (`name`, `label`, `weight`) VALUES
	('alive_chicken', 'Poulet vivant', 1),
	('slaughtered_chicken', 'Poulet abattu', 1),
	('packaged_chicken', 'Poulet en barquette', 1),
	('fish', 'Poisson', 1),
	('stone', 'Roche', 1),
	('washed_stone', 'Roche Lavée', 1),
	('copper', 'Cuivre', 1),
	('iron', 'Fer', 1),
	('gold', 'Or', 1),
	('diamond', 'Diamant', 1),
	('wood', 'Bois', 1),
	('cutted_wood', 'Bois coupé', 1),
	('packaged_plank', 'Paquet de planches', 1),
	('packaged_feuille', 'Paquet de feuilles', 1),
	('petrol', 'Pétrole', 1),
	('petrol_raffin', 'Pétrole Raffiné', 1),
	('essence', 'Essence', 1),
	('wool', 'Laine', 1),
	('fabric', 'Tissu', 1),
	('clothe', 'Vêtement', 1),
	('wheat', 'Blé', 1),
	('salad', 'Salade', 1),
	('pomidor', 'Patate', 1),
	('tomato', 'Tomate', 1),
;


----------------------------------------
AVOCAT
----------------------------------------

SET @job_name = 'avocat2';
SET @society_name = 'society_avocat2';
SET @job_Name_Caps = 'Avocat';

INSERT INTO `addon_account` (name, label, shared) VALUES
  (@society_name, @job_Name_Caps, 1)
;

INSERT INTO `addon_inventory` (name, label, shared) VALUES
  (@society_name, @job_Name_Caps, 1)
;

INSERT INTO `datastore` (name, label, shared) VALUES 
    (@society_name, @job_Name_Caps, 1)
;

INSERT INTO `jobs` (name, label, whitelisted) VALUES
  (@job_name, @job_Name_Caps, 1)
;

INSERT INTO `job_grades` (job_name, grade, name, label, salary, skin_male, skin_female) VALUES
  (@job_name, 0, 'recruit', 'Avocat Apprenti', 0, '{}', '{}'),
  (@job_name, 1, 'novice', 'Avocat Junior', 0, '{}', '{}'),
  (@job_name, 2, 'known', 'Avocat Connu', 0, '{}', '{}'),
  (@job_name, 3, 'good', 'Avocat Reconnu', 0, '{}', '{}'),
  (@job_name, 4, 'excellent', 'Avocat Expert', 0, '{}', '{}'),
  (@job_name, 5, 'senior', 'Avocat Senior', 0, '{}', '{}'),
  (@job_name, 6, 'boss', 'Gerant du cabinet', 0, '{}', '{}'),
;

INSERT INTO `job_grades` (job_name, grade, name, label, salary, skin_male, skin_female) VALUES
  ('gouv', 0, 'recruit', 'Secraitaire', 0, '{}', '{}'),
  ('gouv', 1, 'novice', 'Garde du corp', 0, '{}', '{}'),
  ('gouv', 2, 'known', 'Secraitaire d etat', 0, '{}', '{}'),
  ('gouv', 3, 'good', 'Conseiller', 0, '{}', '{}'),
  ('gouv', 4, 'senior', 'Vice Gouverneur', 0, '{}', '{}'),
  ('gouv', 5, 'boss', 'Gouverneur', 0, '{}', '{}'),
;

Fermier 
{"tshirt_1":29,"tshirt_2":8,"torso_1":215,"torso_2":19,"shoes_1":45,"shoes_2":8,"pants_1":0, "pants_2":7, "arms":48, "helmet_1":13, "helmet_2":1,"bags_1":0,"bags_2":0,"ears_1":0,"glasses_1":0,"ears_2":0,"glasses_2":0}
Fermièr(e)
{"tshirt_1":0,"tshirt_2":0,"torso_1":56,"torso_2":0,"shoes_1":27,"shoes_2":0,"pants_1":36, "pants_2":0, "arms":63, "helmet_1":11, "helmet_2":0,"bags_1":0,"bags_2":0,"ears_1":0,"glasses_1":0,"ears_2":0,"glasses_2":0}

Or
{"tshirt_1":29,"tshirt_2":8,"torso_1":215,"torso_2":19,"shoes_1":45,"shoes_2":8,"pants_1":0, "pants_2":7, "arms":48, "helmet_1":13, "helmet_2":1,"bags_1":0,"bags_2":0,"ears_1":0,"glasses_1":0,"ears_2":0,"glasses_2":0}
Or(e)
{"tshirt_1":0,"tshirt_2":0,"torso_1":56,"torso_2":0,"shoes_1":27,"shoes_2":0,"pants_1":36, "pants_2":0, "arms":63, "helmet_1":11, "helmet_2":0,"bags_1":0,"bags_2":0,"ears_1":0,"glasses_1":0,"ears_2":0,"glasses_2":0}

Pop
{"tshirt_1":15,"tshirt_2":0,"torso_1":242,"torso_2":5,"shoes_1":38,"shoes_2":4,"pants_1":10, "pants_2":0, "arms":1, "helmet_1":83, "helmet_2":0,"bags_1":0,"bags_2":0,"ears_1":0,"glasses_1":5,"ears_2":0,"glasses_2":0}
Pop(e)
Unknown

Tabac
{"tshirt_1":57,"tshirt_2":0,"torso_1":13,"torso_2":5,"shoes_1":7,"shoes_2":2,"pants_1":9, "pants_2":7, "arms":11, "helmet_1":11, "helmet_2":0,"bags_1":0,"bags_2":0,"ears_1":0,"glasses_1":0,"ears_2":0,"glasses_2":0}
Tabac(e)
{"tshirt_1":15,"tshirt_2":0,"torso_1":14,"torso_2":15,"shoes_1":12,"shoes_2":0,"pants_1":9, "pants_2":5, "arms":1, "helmet_1":11, "helmet_2":0,"bags_1":0,"bags_2":0,"ears_1":0,"glasses_1":0,"ears_2":0,"glasses_2":0}

Taxi
{"hair_2":0,"hair_color_2":0,"torso_1":29,"bags_1":0,"helmet_2":0,"chain_2":0,"eyebrows_3":0,"makeup_3":0,"makeup_2":0,"tshirt_1":31,"makeup_1":0,"bags_2":0,"makeup_4":0,"eyebrows_4":0,"chain_1":0,"lipstick_4":0,"bproof_2":0,"hair_color_1":0,"decals_2":0,"pants_2":4,"age_2":0,"glasses_2":0,"ears_2":0,"arms":1,"lipstick_1":0,"ears_1":-1,"mask_2":0,"sex":0,"lipstick_3":0,"helmet_1":-1,"shoes_2":0,"beard_2":0,"beard_1":0,"lipstick_2":0,"beard_4":0,"glasses_1":0,"bproof_1":0,"mask_1":0,"decals_1":0,"hair_1":0,"eyebrows_2":0,"beard_3":0,"age_1":0,"tshirt_2":0,"skin":0,"torso_2":4,"eyebrows_1":0,"face":0,"shoes_1":10,"pants_1":24}
Taxi(e)
{"hair_2":0,"hair_color_2":0,"torso_1":57,"bags_1":0,"helmet_2":0,"chain_2":0,"eyebrows_3":0,"makeup_3":0,"makeup_2":0,"tshirt_1":38,"makeup_1":0,"bags_2":0,"makeup_4":0,"eyebrows_4":0,"chain_1":0,"lipstick_4":0,"bproof_2":0,"hair_color_1":0,"decals_2":0,"pants_2":1,"age_2":0,"glasses_2":0,"ears_2":0,"arms":21,"lipstick_1":0,"ears_1":-1,"mask_2":0,"sex":1,"lipstick_3":0,"helmet_1":-1,"shoes_2":0,"beard_2":0,"beard_1":0,"lipstick_2":0,"beard_4":0,"glasses_1":5,"bproof_1":0,"mask_1":0,"decals_1":1,"hair_1":0,"eyebrows_2":0,"beard_3":0,"age_1":0,"tshirt_2":0,"skin":0,"torso_2":0,"eyebrows_1":0,"face":0,"shoes_1":49,"pants_1":11}

Vigne
{"tshirt_1":59,"tshirt_2":0,"torso_1":12,"torso_2":5,"shoes_1":7,"shoes_2":2,"pants_1":9, "pants_2":7, "arms":1, "helmet_1":11, "helmet_2":0,"bags_1":0,"bags_2":0,"ears_1":0,"glasses_1":0,"ears_2":0,"glasses_2":0}
Vigne(e)
{"tshirt_1":0,"tshirt_2":0,"torso_1":56,"torso_2":0,"shoes_1":27,"shoes_2":0,"pants_1":36, "pants_2":0, "arms":63, "helmet_1":11, "helmet_2":0,"bags_1":0,"bags_2":0,"ears_1":0,"glasses_1":0,"ears_2":0,"glasses_2":0}
